{
  "version": "0.1.1-beta.0",
  "graph": {
    "nodes": [
      {
        "id": "n0",
        "position": {
          "x": 48.70957746426954,
          "y": -39.14505499320296
        },
        "caption": "Person"
      },
      {
        "id": "n1",
        "position": {
          "x": 309.94790849877177,
          "y": -39.14505499320296
        },
        "caption": "Member"
      },
      {
        "id": "n2",
        "position": {
          "x": 48.70957746426954,
          "y": -288.60924632329403
        },
        "caption": "Office"
      },
      {
        "id": "n3",
        "position": {
          "x": 309.94790849877177,
          "y": -288.60924632329403
        },
        "caption": "Division"
      },
      {
        "id": "n4",
        "position": {
          "x": 598.5571548220657,
          "y": -39.14505499320296
        },
        "caption": "House"
      },
      {
        "id": "n5",
        "position": {
          "x": 309.94790849877177,
          "y": 249.46419133009107
        },
        "caption": "Party"
      },
      {
        "id": "n6",
        "position": {
          "x": 518.3604000522203,
          "y": 160.50346222589278
        },
        "caption": "Constituency"
      },
      {
        "id": "n8",
        "position": {
          "x": 598.5571548220657,
          "y": -288.60924632329403
        },
        "caption": "Policy"
      },
      {
        "id": "n9",
        "position": {
          "x": 887.1664011453597,
          "y": -288.60924632329403
        },
        "caption": "PolicySet"
      },
      {
        "id": "n10",
        "position": {
          "x": 309.94790849877177,
          "y": -538.0734376533851
        },
        "caption": "WikiEdit"
      }
    ],
    "relationships": [
      {
        "id": "n0",
        "type": "ELECTED",
        "fromId": "n0",
        "toId": "n1"
      },
      {
        "id": "n1",
        "type": "HELD",
        "fromId": "n0",
        "toId": "n2"
      },
      {
        "id": "n2",
        "type": "VOTED",
        "fromId": "n1",
        "toId": "n3"
      },
      {
        "id": "n3",
        "type": "SITS_IN",
        "fromId": "n1",
        "toId": "n4"
      },
      {
        "id": "n4",
        "type": "BELONGS_TO",
        "fromId": "n1",
        "toId": "n5"
      },
      {
        "id": "n5",
        "type": "FOR",
        "fromId": "n1",
        "toId": "n6"
      },
      {
        "id": "n6",
        "type": "HELD_IN",
        "fromId": "n3",
        "toId": "n4"
      },
      {
        "id": "n8",
        "type": "SUPPORTS",
        "fromId": "n8",
        "toId": "n3"
      },
      {
        "id": "n9",
        "type": "PART_OF_SET",
        "fromId": "n8",
        "toId": "n9"
      },
      {
        "id": "n10",
        "type": "EDITED",
        "fromId": "n10",
        "toId": "n3"
      }
    ]
  },
  "dataModel": {
    "fileModel": {
      "fileSchemas": {
        "pw_mp.csv": {
          "expanded": true,
          "fields": [
            {
              "name": "mp_id",
              "type": "string",
              "sample": "1",
              "include": true
            },
            {
              "name": "first_name",
              "type": "string",
              "sample": "Diane",
              "include": true
            },
            {
              "name": "last_name",
              "type": "string",
              "sample": "Abbott",
              "include": true
            },
            {
              "name": "title",
              "type": "string",
              "sample": "",
              "include": true
            },
            {
              "name": "constituency",
              "type": "string",
              "sample": "Hackney North and Stoke Newington",
              "include": true
            },
            {
              "name": "party",
              "type": "string",
              "sample": "Lab",
              "include": true
            },
            {
              "name": "entered_house",
              "type": "string",
              "sample": "1997-05-01",
              "include": true
            },
            {
              "name": "left_house",
              "type": "string",
              "sample": "2001-05-14",
              "include": true
            },
            {
              "name": "entered_reason",
              "type": "string",
              "sample": "general_election",
              "include": true
            },
            {
              "name": "left_reason",
              "type": "string",
              "sample": "general_election",
              "include": true
            },
            {
              "name": "person",
              "type": "string",
              "sample": "10001",
              "include": true
            },
            {
              "name": "house",
              "type": "string",
              "sample": "commons",
              "include": true
            },
            {
              "name": "gid",
              "type": "string",
              "sample": "uk.org.publicwhip/member/1",
              "include": true
            }
          ]
        },
        "pw_division.csv": {
          "expanded": true,
          "fields": [
            {
              "name": "division_id",
              "type": "string",
              "sample": "12379",
              "include": true
            },
            {
              "name": "valid",
              "type": "string",
              "sample": "1",
              "include": true
            },
            {
              "name": "division_date",
              "type": "string",
              "sample": "1997-05-22",
              "include": true
            },
            {
              "name": "division_number",
              "type": "string",
              "sample": "5",
              "include": true
            },
            {
              "name": "division_name",
              "type": "string",
              "sample": "Referendums (Scotland and Wales) Bill",
              "include": true
            },
            {
              "name": "source_url",
              "type": "string",
              "sample": "http://www.publications.parliament.uk/pa/cm199798/cmhansrd/vo970522/debtext/70522-21.htm",
              "include": true
            },
            {
              "name": "motion",
              "type": "string",
              "sample": "<p>Order read for resuming adjourned debate on amendment to the Question [21 May],  That the Bill be now read a Second time.\\\n<p>Which amendment was:  To leave out from 'That' to the end of the Question and to add instead thereof--\\\n<p>Question again proposed,  That the amendment be made.\\\n \\\n\\\n<p>Question put,  That the amendment be made:--\\\n<p>The House divided:  Ayes 155, Noes 406.\\\n",
              "include": true
            },
            {
              "name": "notes",
              "type": "string",
              "sample": "",
              "include": true
            },
            {
              "name": "debate_url",
              "type": "string",
              "sample": "",
              "include": true
            },
            {
              "name": "source_gid",
              "type": "string",
              "sample": "",
              "include": true
            },
            {
              "name": "debate_gid",
              "type": "string",
              "sample": "",
              "include": true
            },
            {
              "name": "house",
              "type": "string",
              "sample": "commons",
              "include": true
            },
            {
              "name": "clock_time",
              "type": "string",
              "sample": "\\N",
              "include": true
            }
          ]
        },
        "pw_moffice.csv": {
          "expanded": true,
          "fields": [
            {
              "name": "moffice_id",
              "type": "string",
              "sample": "54042936",
              "include": true
            },
            {
              "name": "dept",
              "type": "string",
              "sample": "HM Treasury",
              "include": true
            },
            {
              "name": "position",
              "type": "string",
              "sample": "PPS (Rt Hon Dawn Primarolo, Paymaster General)",
              "include": true
            },
            {
              "name": "from_date",
              "type": "string",
              "sample": "2005-11-10",
              "include": true
            },
            {
              "name": "to_date",
              "type": "string",
              "sample": "2006-09-06",
              "include": true
            },
            {
              "name": "person",
              "type": "string",
              "sample": "11267",
              "include": true
            },
            {
              "name": "responsibility",
              "type": "string",
              "sample": "",
              "include": true
            }
          ]
        },
        "pw_vote.csv": {
          "expanded": true,
          "fields": [
            {
              "name": "division_id",
              "type": "string",
              "sample": "10387",
              "include": true
            },
            {
              "name": "mp_id",
              "type": "string",
              "sample": "687",
              "include": true
            },
            {
              "name": "vote",
              "type": "string",
              "sample": "no",
              "include": true
            }
          ]
        },
        "pw_dyn_dreammp.csv": {
          "expanded": true,
          "fields": [
            {
              "name": "dream_id",
              "type": "string",
              "sample": "1",
              "include": true
            },
            {
              "name": "name",
              "type": "string",
              "sample": "Iraq war, against on vital vote",
              "include": true
            },
            {
              "name": "user_id",
              "type": "string",
              "sample": "1",
              "include": true
            },
            {
              "name": "description",
              "type": "string",
              "sample": "Division 118 on 18th March 2003 was the decisive approval of the Iraq war.  This dream MP votes against the government on that division, and votes on no other division.",
              "include": true
            },
            {
              "name": "private",
              "type": "string",
              "sample": "1",
              "include": true
            }
          ]
        },
        "pw_dyn_dreamvote.csv": {
          "expanded": true,
          "fields": [
            {
              "name": "division_date",
              "type": "string",
              "sample": "2003-03-18",
              "include": true
            },
            {
              "name": "division_number",
              "type": "string",
              "sample": "118",
              "include": true
            },
            {
              "name": "dream_id",
              "type": "string",
              "sample": "1",
              "include": true
            },
            {
              "name": "vote",
              "type": "string",
              "sample": "no3",
              "include": true
            },
            {
              "name": "house",
              "type": "string",
              "sample": "commons",
              "include": true
            }
          ]
        },
        "pw_dyn_wiki_motion.csv": {
          "expanded": true,
          "fields": [
            {
              "name": "wiki_id",
              "type": "string",
              "sample": "1",
              "include": true
            },
            {
              "name": "text_body",
              "type": "string",
              "sample": "<p>I beg to move, That the Bill be now read a Second time.</p>\r\\\n\r\\\n<p>The Aye-voters failed to change the motion for debate to read:</p>\r\\\n\r\\\n<p class=\\\"indent\\\">\\\"This House declines to give a Second Reading to the Identity Cards Bill because it would lead to an unreasonable intrusion into the liberties and privacy of the citizen; it would not achieve benefits proportionate to the cost, as the underlying technology is likely to prove unreliable; and the introduction of such cards is likely to lead to a requirement that they be carried at all times and such a requirement would be objectionable in principle and would lead to serious tension between the police and the citizen.\\\"</p>\r\\\n\r\\\n<p>which could have blocked the <a href=\\\"http://www.publications.parliament.uk/pa/cm200405/cmbills/008/2005008.htm\\\">Identity Card Bill</a>, had it been adopted.</p>\r\\\n",
              "include": true
            },
            {
              "name": "user_id",
              "type": "string",
              "sample": "1",
              "include": true
            },
            {
              "name": "edit_date",
              "type": "string",
              "sample": "2005-01-15 15:09:24",
              "include": true
            },
            {
              "name": "division_date",
              "type": "string",
              "sample": "2004-12-20",
              "include": true
            },
            {
              "name": "division_number",
              "type": "string",
              "sample": "23",
              "include": true
            },
            {
              "name": "house",
              "type": "string",
              "sample": "commons",
              "include": true
            }
          ]
        }
      }
    },
    "graphModel": {
      "nodeSchemas": {
        "n0": {
          "label": "Person",
          "additionLabels": [],
          "labelProperties": [],
          "properties": [
            {
              "property": "first_name",
              "type": "string",
              "identifier": "dd22edfe-b76a-43f8-8c41-2a8537795cf1"
            },
            {
              "property": "last_name",
              "type": "string",
              "identifier": "0a4ce321-7a43-4454-8fff-4f7ceba02d4a"
            },
            {
              "property": "title",
              "type": "string",
              "identifier": "ceeac460-3dc8-43ff-b27c-ca154e984c71"
            },
            {
              "property": "person",
              "type": "string",
              "identifier": "04b62bc6-7b4c-442e-ae5e-3a0da1ffcbc3"
            }
          ],
          "key": {
            "properties": [
              "04b62bc6-7b4c-442e-ae5e-3a0da1ffcbc3"
            ],
            "name": ""
          }
        },
        "n1": {
          "label": "Member",
          "additionLabels": [],
          "labelProperties": [],
          "properties": [
            {
              "property": "mp_id",
              "type": "string",
              "identifier": "79113061-d7fb-447c-b5f3-7ce96c2037fa"
            },
            {
              "property": "gid",
              "type": "string",
              "identifier": "d7437c15-7648-4d1f-ae66-6b607e978544"
            }
          ],
          "key": {
            "properties": [
              "79113061-d7fb-447c-b5f3-7ce96c2037fa"
            ],
            "name": ""
          }
        },
        "n2": {
          "label": "Office",
          "additionLabels": [],
          "labelProperties": [],
          "properties": [
            {
              "property": "moffice_id",
              "type": "string",
              "identifier": "14b030ea-24f7-4b07-80ac-4530d0fd31cf"
            },
            {
              "property": "dept",
              "type": "string",
              "identifier": "7e403fdf-7a3b-4e68-8d0b-b292398bc4d9"
            },
            {
              "property": "position",
              "type": "string",
              "identifier": "71ad6971-ea04-4051-8113-885c8f8de047"
            },
            {
              "property": "person",
              "type": "string",
              "identifier": "d17784ad-1a5e-4233-8577-3fc68fba7b54"
            },
            {
              "property": "responsibility",
              "type": "string",
              "identifier": "671c570d-38b5-45ed-a819-8ec89c090017"
            }
          ],
          "key": {
            "properties": [
              "14b030ea-24f7-4b07-80ac-4530d0fd31cf"
            ],
            "name": ""
          }
        },
        "n3": {
          "label": "Division",
          "additionLabels": [],
          "labelProperties": [],
          "properties": [
            {
              "property": "division_id",
              "type": "string",
              "identifier": "c5386054-7877-497c-a3cb-7ab90ce1ce0d"
            },
            {
              "property": "valid",
              "type": "string",
              "identifier": "3c5363ba-5442-4733-9642-563ac804ec1f"
            },
            {
              "property": "division_date",
              "type": "string",
              "identifier": "64c92642-eb96-475e-b728-4c4a0c62276d"
            },
            {
              "property": "division_number",
              "type": "string",
              "identifier": "0beccd86-806a-427f-8a14-feae9abc3ec0"
            },
            {
              "property": "division_name",
              "type": "string",
              "identifier": "6b7839c4-feb4-4dd5-93df-c4d16351536b"
            },
            {
              "property": "source_url",
              "type": "string",
              "identifier": "3302e13e-0074-40f5-8b6b-7f48521a6c8d"
            },
            {
              "property": "motion",
              "type": "string",
              "identifier": "54f7e4d0-8bf3-4d15-b9a3-22ca47b7b116"
            },
            {
              "property": "notes",
              "type": "string",
              "identifier": "5930bec4-8c07-43f3-9094-0131d8d31bea"
            },
            {
              "property": "debate_url",
              "type": "string",
              "identifier": "fac4f475-2f55-445a-b526-d5ee708e1c6a"
            },
            {
              "property": "source_gid",
              "type": "string",
              "identifier": "feb50b0b-7e71-4c22-a0d2-76676d16bb7e"
            },
            {
              "property": "debate_gid",
              "type": "string",
              "identifier": "41a5b0ad-d823-4002-8ffb-7172ce3efbeb"
            },
            {
              "property": "house",
              "type": "string",
              "identifier": "fcb47189-7ae7-4e4c-90a2-3d0fa7a48443"
            },
            {
              "property": "clock_time",
              "type": "string",
              "identifier": "517e85a7-1415-4bfc-9091-2ed75a51fbce"
            }
          ],
          "key": {
            "properties": [
              "c5386054-7877-497c-a3cb-7ab90ce1ce0d"
            ],
            "name": ""
          }
        },
        "n4": {
          "label": "House",
          "additionLabels": [],
          "labelProperties": [],
          "properties": [
            {
              "property": "house",
              "type": "string",
              "identifier": "b7cfd888-3818-47d3-8e7b-29d61c5a49fd"
            }
          ],
          "key": {
            "properties": [
              "b7cfd888-3818-47d3-8e7b-29d61c5a49fd"
            ],
            "name": ""
          }
        },
        "n5": {
          "label": "Party",
          "additionLabels": [],
          "labelProperties": [],
          "properties": [
            {
              "property": "party",
              "type": "string",
              "identifier": "825c308a-f839-437c-8867-066afd3f7386"
            }
          ],
          "key": {
            "properties": [
              "825c308a-f839-437c-8867-066afd3f7386"
            ],
            "name": ""
          }
        },
        "n6": {
          "label": "Constituency",
          "additionLabels": [],
          "labelProperties": [],
          "properties": [
            {
              "property": "constituency",
              "type": "string",
              "identifier": "903d7376-c5ff-49e9-8634-000c9ff2f91d"
            }
          ],
          "key": {
            "properties": [
              "903d7376-c5ff-49e9-8634-000c9ff2f91d"
            ],
            "name": ""
          }
        },
        "n8": {
          "label": "Policy",
          "additionLabels": [],
          "labelProperties": [],
          "properties": [],
          "key": {
            "properties": [],
            "name": ""
          }
        },
        "n9": {
          "label": "PolicySet",
          "additionLabels": [],
          "labelProperties": [],
          "properties": [],
          "key": {
            "properties": [],
            "name": ""
          }
        },
        "n10": {
          "label": "WikiEdit",
          "additionLabels": [],
          "labelProperties": [],
          "properties": [
            {
              "property": "wiki_id",
              "type": "string",
              "identifier": "f248bc26-b5fc-411d-9ed5-b6a59249bf98"
            },
            {
              "property": "text_body",
              "type": "string",
              "identifier": "48696b53-ff30-4ddc-b505-4c448bfe8b5f"
            },
            {
              "property": "user_id",
              "type": "string",
              "identifier": "94f12ace-f5fe-4abe-a90e-0544900db932"
            },
            {
              "property": "edit_date",
              "type": "string",
              "identifier": "b1381f18-042b-41ff-af8c-883102f6f4f4"
            },
            {
              "property": "division_date",
              "type": "string",
              "identifier": "33acefaf-1564-48e0-a4cc-2e4f68332da8"
            },
            {
              "property": "division_number",
              "type": "string",
              "identifier": "9e3d81d2-5601-4d8f-82e3-acb1e026fed9"
            },
            {
              "property": "house",
              "type": "string",
              "identifier": "4d2cea72-1b04-459f-a51b-97e333526173"
            }
          ],
          "key": {
            "properties": [
              "f248bc26-b5fc-411d-9ed5-b6a59249bf98"
            ],
            "name": ""
          }
        }
      },
      "relationshipSchemas": {
        "n0": {
          "type": "ELECTED",
          "sourceNodeSchema": "n0",
          "targetNodeSchema": "n1",
          "properties": []
        },
        "n1": {
          "type": "HELD",
          "sourceNodeSchema": "n0",
          "targetNodeSchema": "n2",
          "properties": [
            {
              "property": "from_date",
              "type": "string",
              "identifier": "2c1236fa-7659-4848-a850-4f19f460bccc"
            },
            {
              "property": "to_date",
              "type": "string",
              "identifier": "f05edc39-76e5-4f61-9b45-06ebe9d60079"
            }
          ]
        },
        "n2": {
          "type": "VOTED",
          "sourceNodeSchema": "n1",
          "targetNodeSchema": "n3",
          "properties": [
            {
              "property": "vote",
              "type": "string",
              "identifier": "f7452cab-cd3d-484b-8e06-df190b702fb9"
            }
          ]
        },
        "n3": {
          "type": "SITS_IN",
          "sourceNodeSchema": "n1",
          "targetNodeSchema": "n4",
          "properties": [
            {
              "property": "entered_house",
              "type": "string",
              "identifier": "92815f9c-d76a-4254-a59c-06dd63701124"
            },
            {
              "property": "left_house",
              "type": "string",
              "identifier": "83a0661a-5759-4927-b5df-fa94fb7be56b"
            },
            {
              "property": "entered_reason",
              "type": "string",
              "identifier": "35956505-d90a-470e-9a9f-39e66e22d79f"
            },
            {
              "property": "left_reason",
              "type": "string",
              "identifier": "ee378baf-a4c7-420b-b248-93ae0c5752cf"
            }
          ]
        },
        "n4": {
          "type": "BELONGS_TO",
          "sourceNodeSchema": "n1",
          "targetNodeSchema": "n5",
          "properties": []
        },
        "n5": {
          "type": "FOR",
          "sourceNodeSchema": "n1",
          "targetNodeSchema": "n6",
          "properties": []
        },
        "n6": {
          "type": "HELD_IN",
          "sourceNodeSchema": "n3",
          "targetNodeSchema": "n4",
          "properties": []
        },
        "n8": {
          "type": "SUPPORTS",
          "sourceNodeSchema": "n8",
          "targetNodeSchema": "n3",
          "properties": []
        },
        "n9": {
          "type": "PART_OF_SET",
          "sourceNodeSchema": "n8",
          "targetNodeSchema": "n9",
          "properties": []
        },
        "n10": {
          "type": "EDITED",
          "sourceNodeSchema": "n10",
          "targetNodeSchema": "n3",
          "properties": []
        }
      }
    },
    "mappingModel": {
      "nodeMappings": {
        "n0": {
          "nodeSchema": "n0",
          "fileSchema": "pw_mp.csv",
          "mappings": [
            {
              "field": "first_name"
            },
            {
              "field": "last_name"
            },
            {
              "field": "title"
            },
            {
              "field": "person"
            }
          ]
        },
        "n1": {
          "nodeSchema": "n1",
          "fileSchema": "pw_mp.csv",
          "mappings": [
            {
              "field": "mp_id"
            },
            {
              "field": "gid"
            }
          ]
        },
        "n2": {
          "nodeSchema": "n2",
          "fileSchema": "pw_moffice.csv",
          "mappings": [
            {
              "field": "moffice_id"
            },
            {
              "field": "dept"
            },
            {
              "field": "position"
            },
            {
              "field": "person"
            },
            {
              "field": "responsibility"
            }
          ]
        },
        "n3": {
          "nodeSchema": "n3",
          "fileSchema": "pw_division.csv",
          "mappings": [
            {
              "field": "division_id"
            },
            {
              "field": "valid"
            },
            {
              "field": "division_date"
            },
            {
              "field": "division_number"
            },
            {
              "field": "division_name"
            },
            {
              "field": "source_url"
            },
            {
              "field": "motion"
            },
            {
              "field": "notes"
            },
            {
              "field": "debate_url"
            },
            {
              "field": "source_gid"
            },
            {
              "field": "debate_gid"
            },
            {
              "field": "house"
            },
            {
              "field": "clock_time"
            }
          ]
        },
        "n4": {
          "nodeSchema": "n4",
          "fileSchema": "pw_mp.csv",
          "mappings": [
            {
              "field": "house"
            }
          ]
        },
        "n5": {
          "nodeSchema": "n5",
          "fileSchema": "pw_mp.csv",
          "mappings": [
            {
              "field": "party"
            }
          ]
        },
        "n6": {
          "nodeSchema": "n6",
          "fileSchema": "pw_mp.csv",
          "mappings": [
            {
              "field": "constituency"
            }
          ]
        },
        "n8": {
          "nodeSchema": "n8",
          "fileSchema": "pw_dyn_dreamvote.csv",
          "mappings": []
        },
        "n9": {
          "nodeSchema": "n9",
          "mappings": []
        },
        "n10": {
          "nodeSchema": "n10",
          "mappings": [
            {
              "field": "wiki_id"
            },
            {
              "field": "text_body"
            },
            {
              "field": "user_id"
            },
            {
              "field": "edit_date"
            },
            {
              "field": "division_date"
            },
            {
              "field": "division_number"
            },
            {
              "field": "house"
            }
          ],
          "fileSchema": "pw_dyn_wiki_motion.csv"
        }
      },
      "relationshipMappings": {
        "n0": {
          "relationshipSchema": "n0",
          "mappings": [],
          "sourceMappings": [
            {
              "field": "person"
            }
          ],
          "targetMappings": [
            {
              "field": "mp_id"
            }
          ],
          "fileSchema": "pw_mp.csv"
        },
        "n1": {
          "relationshipSchema": "n1",
          "mappings": [
            {
              "field": "from_date"
            },
            {
              "field": "to_date"
            }
          ],
          "sourceMappings": [
            {
              "field": "person"
            }
          ],
          "targetMappings": [
            {
              "field": "moffice_id"
            }
          ],
          "fileSchema": "pw_moffice.csv"
        },
        "n2": {
          "relationshipSchema": "n2",
          "mappings": [
            {
              "field": "vote"
            }
          ],
          "sourceMappings": [
            {
              "field": "mp_id"
            }
          ],
          "targetMappings": [
            {
              "field": "division_id"
            }
          ],
          "fileSchema": "pw_vote.csv"
        },
        "n3": {
          "relationshipSchema": "n3",
          "mappings": [
            {
              "field": "entered_house"
            },
            {
              "field": "left_house"
            },
            {
              "field": "entered_reason"
            },
            {
              "field": "left_reason"
            }
          ],
          "sourceMappings": [
            {
              "field": "mp_id"
            }
          ],
          "targetMappings": [
            {
              "field": "house"
            }
          ],
          "fileSchema": "pw_mp.csv"
        },
        "n4": {
          "relationshipSchema": "n4",
          "mappings": [],
          "sourceMappings": [
            {
              "field": "mp_id"
            }
          ],
          "targetMappings": [
            {
              "field": "party"
            }
          ],
          "fileSchema": "pw_mp.csv"
        },
        "n5": {
          "relationshipSchema": "n5",
          "mappings": [],
          "sourceMappings": [
            {
              "field": "mp_id"
            }
          ],
          "targetMappings": [
            {
              "field": "constituency"
            }
          ],
          "fileSchema": "pw_mp.csv"
        },
        "n6": {
          "relationshipSchema": "n6",
          "mappings": [],
          "sourceMappings": [
            {
              "field": "division_id"
            }
          ],
          "targetMappings": [
            {
              "field": "house"
            }
          ],
          "fileSchema": "pw_division.csv"
        },
        "n8": {
          "relationshipSchema": "n8",
          "mappings": [],
          "sourceMappings": [],
          "targetMappings": []
        },
        "n9": {
          "relationshipSchema": "n9",
          "mappings": [],
          "sourceMappings": [],
          "targetMappings": []
        },
        "n10": {
          "relationshipSchema": "n10",
          "mappings": [],
          "sourceMappings": [],
          "targetMappings": []
        }
      }
    }
  }
}